[
    {
        "title": "Copernicium",
        "atomicnumber": "112",
        "element": "Copernicium ",
        "symbol": "Cn ",
        "atomicmass": "285",
        "numberofneutrons": "173",
        "numberofprotons": "112",
        "numberofelectrons": "112",
        "period": "7",
        "group": "12",
        "phase": "artificial",
        "radioactive": "yes",
        "natural": "",
        "metal": "yes",
        "nonmetal": "",
        "metalloid": "",
        "elementtype": "Transactinide",
        "atomicradius": "",
        "electronegativity": "",
        "firstionization": "",
        "density": "",
        "meltingpoint": "",
        "boilingpoint": "",
        "numberofisotopes": "",
        "discoverer": "",
        "year": "1996",
        "specificheat": "",
        "numberofshells": "7",
        "numberofvalence": "",
        "text": "> Copernicium is a synthetic chemical element with the symbol Cn and atomic number 112. Its known isotopes are extremely radioactive, and have only been created in a laboratory. The most stable known isotope, copernicium-285, has a half-life of approximately 30 seconds. Copernicium was first created in 1996 by the GSI Helmholtz Centre for Heavy Ion Research near Darmstadt, Germany. It was named after the astronomer Nicolaus Copernicus.\n\n> ([[more information from Wikipedia|https://en.wikipedia.org/wiki/Copernicium ]])"
    }
]