[
    {
        "title": "Darmstadtium",
        "atomicnumber": "110",
        "element": "Darmstadtium ",
        "symbol": "Ds ",
        "atomicmass": "271",
        "numberofneutrons": "161",
        "numberofprotons": "110",
        "numberofelectrons": "110",
        "period": "7",
        "group": "10",
        "phase": "artificial",
        "radioactive": "yes",
        "natural": "",
        "metal": "yes",
        "nonmetal": "",
        "metalloid": "",
        "elementtype": "Transactinide",
        "atomicradius": "",
        "electronegativity": "",
        "firstionization": "",
        "density": "",
        "meltingpoint": "",
        "boilingpoint": "",
        "numberofisotopes": "",
        "discoverer": "",
        "year": "1994",
        "specificheat": "",
        "numberofshells": "7",
        "numberofvalence": "",
        "text": "> Darmstadtium is a chemical element with the symbol Ds and atomic number 110. It is an extremely radioactive synthetic element. The most stable known isotope, darmstadtium-281, has a half-life of approximately 12.7 seconds. Darmstadtium was first created in 1994 by the GSI Helmholtz Centre for Heavy Ion Research in the city of Darmstadt, Germany, after which it was named.\n\n> ([[more information from Wikipedia|https://en.wikipedia.org/wiki/Darmstadtium ]])"
    }
]