[
    {
        "title": "Roentgenium",
        "atomicnumber": "111",
        "element": "Roentgenium ",
        "symbol": "Rg ",
        "atomicmass": "272",
        "numberofneutrons": "161",
        "numberofprotons": "111",
        "numberofelectrons": "111",
        "period": "7",
        "group": "11",
        "phase": "artificial",
        "radioactive": "yes",
        "natural": "",
        "metal": "yes",
        "nonmetal": "",
        "metalloid": "",
        "elementtype": "Transactinide",
        "atomicradius": "",
        "electronegativity": "",
        "firstionization": "",
        "density": "",
        "meltingpoint": "",
        "boilingpoint": "",
        "numberofisotopes": "",
        "discoverer": "",
        "year": "1994",
        "specificheat": "",
        "numberofshells": "7",
        "numberofvalence": "",
        "text": "> Roentgenium is a chemical element with the symbol Rg and atomic number 111. It is an extremely radioactive synthetic element that can be created in a laboratory but is not found in nature. The most stable known isotope, roentgenium-282, has a half-life of 100 seconds, although the unconfirmed roentgenium-286 may have a longer half-life of about 10.7 minutes. Roentgenium was first created in 1994 by the GSI Helmholtz Centre for Heavy Ion Research near Darmstadt, Germany. It is named after the physicist Wilhelm Röntgen, who discovered X-rays. Only a few roentgenium atoms have ever been synthesized, and they have no current practical application beyond that of scientific study.\n\n> ([[more information from Wikipedia|https://en.wikipedia.org/wiki/Roentgenium ]])"
    }
]