[
    {
        "title": "Vanadium",
        "atomicnumber": "23",
        "element": "Vanadium",
        "symbol": "V",
        "atomicmass": "50.942",
        "numberofneutrons": "28",
        "numberofprotons": "23",
        "numberofelectrons": "23",
        "period": "4",
        "group": "5",
        "phase": "solid",
        "radioactive": "",
        "natural": "yes",
        "metal": "yes",
        "nonmetal": "",
        "metalloid": "",
        "elementtype": "Transition Metal",
        "atomicradius": "1.9",
        "electronegativity": "1.63",
        "firstionization": "6.7462",
        "density": "6.11E+00",
        "meltingpoint": "2175.15",
        "boilingpoint": "3680",
        "numberofisotopes": "9",
        "discoverer": "   del Rio",
        "year": "1801",
        "specificheat": "0.489",
        "numberofshells": "4",
        "numberofvalence": "",
        "text": "> Vanadium is a chemical element with the symbol V and atomic number 23. It is a hard, silvery-grey, malleable transition metal. The elemental metal is rarely found in nature, but once isolated artificially, the formation of an oxide layer (passivation) somewhat stabilizes the free metal against further oxidation.\n\n> ([[more information from Wikipedia|https://en.wikipedia.org/wiki/Vanadium]])"
    }
]